,lr,embedding_dim,batch_size,prop,subevent,role,causation,exp,epoch,best_epoch,AMR,MRR,H@1,H@3,H@5,H@10,exp_count,method,td,syntax
0,0.0005,224.0,256.0,0.0,0.0,0.0,1.0,lr_0.0005_ed_224_bs_256_kg_base_prop_0_subevent_0_role_0_causation_1_syntax_hyper_relational_rdf_star.csv,1001,891,0.1390988046252974,0.1186545082310259,0.0273972602739726,0.1472602739726027,0.1952054794520548,0.2876712328767123,48,ILP,simple-triple+text+hr-triple,hyper_relational_rdf_star
1,0.002,160.0,960.0,1.0,0.0,0.0,1.0,lr_0.002_ed_160_bs_960_kg_base_prop_1_subevent_0_role_0_causation_1_syntax_hyper_relational_rdf_star.csv,1001,952,0.044948961904395,0.2746643173042841,0.1815068493150685,0.3219178082191781,0.3595890410958904,0.4486301369863014,48,ILP,simple-triple+text+hr-triple,hyper_relational_rdf_star
2,0.002,224.0,960.0,1.0,1.0,0.0,1.0,lr_0.002_ed_224_bs_960_kg_base_prop_1_subevent_1_role_0_causation_1_syntax_hyper_relational_rdf_star.csv,1001,929,0.0650633355815693,0.0621055580431368,0.0218340611353711,0.0491266375545851,0.0807860262008733,0.1550218340611353,48,ILP,simple-triple+text+hr-triple,hyper_relational_rdf_star
3,0.0005,192.0,896.0,1.0,0.0,0.0,1.0,lr_0.0005_ed_192_bs_896_kg_base_prop_1_subevent_0_role_0_causation_1_syntax_hyper_relational_rdf_star.csv,1001,995,0.0648649897923808,0.2500326975307849,0.1575342465753424,0.2842465753424658,0.3321917808219178,0.4315068493150685,48,ILP,simple-triple+text+hr-triple,hyper_relational_rdf_star
4,0.002,192.0,192.0,1.0,0.0,0.0,1.0,lr_0.002_ed_192_bs_192_kg_base_prop_1_subevent_0_role_0_causation_1_syntax_hyper_relational_rdf_star.csv,1001,829,0.2585123839605562,0.0947651356022053,0.0445205479452054,0.0856164383561643,0.1335616438356164,0.2226027397260274,48,ILP,simple-triple+text+hr-triple,hyper_relational_rdf_star
5,0.002,192.0,960.0,1.0,0.0,0.0,1.0,lr_0.002_ed_192_bs_960_kg_base_prop_1_subevent_0_role_0_causation_1_syntax_hyper_relational_rdf_star.csv,1001,993,0.0721158661068525,0.2601236380041702,0.1780821917808219,0.2842465753424658,0.3424657534246575,0.4280821917808219,48,ILP,simple-triple+text+hr-triple,hyper_relational_rdf_star
6,0.002,224.0,896.0,0.0,1.0,0.0,1.0,lr_0.002_ed_224_bs_896_kg_base_prop_0_subevent_1_role_0_causation_1_syntax_hyper_relational_rdf_star.csv,1001,982,0.1437035315393009,0.0354508606323966,0.0,0.0010917030567685,0.0414847161572052,0.1222707423580786,48,ILP,simple-triple+text+hr-triple,hyper_relational_rdf_star
7,0.002,224.0,960.0,0.0,0.0,0.0,1.0,lr_0.002_ed_224_bs_960_kg_base_prop_0_subevent_0_role_0_causation_1_syntax_hyper_relational_rdf_star.csv,1001,886,0.1711851782214733,0.0624507260647689,0.0034246575342465,0.0376712328767123,0.1061643835616438,0.1952054794520548,48,ILP,simple-triple+text+hr-triple,hyper_relational_rdf_star
8,0.002,192.0,960.0,1.0,1.0,0.0,1.0,lr_0.002_ed_192_bs_960_kg_base_prop_1_subevent_1_role_0_causation_1_syntax_hyper_relational_rdf_star.csv,1001,977,0.042033054949633,0.2449010860451894,0.1593886462882096,0.2740174672489083,0.3253275109170305,0.4170305676855895,48,ILP,simple-triple+text+hr-triple,hyper_relational_rdf_star
9,0.0001,192.0,960.0,0.0,1.0,0.0,1.0,lr_0.0001_ed_192_bs_960_kg_base_prop_0_subevent_1_role_0_causation_1_syntax_hyper_relational_rdf_star.csv,1001,985,0.1171539117479608,0.144074744968541,0.0687772925764192,0.1506550218340611,0.2096069868995633,0.3034934497816594,48,ILP,simple-triple+text+hr-triple,hyper_relational_rdf_star
10,0.001,192.0,192.0,1.0,0.0,0.0,1.0,lr_0.001_ed_192_bs_192_kg_base_prop_1_subevent_0_role_0_causation_1_syntax_hyper_relational_rdf_star.csv,1001,721,0.0609699164130811,0.2375929912307611,0.1678082191780822,0.2465753424657534,0.2910958904109589,0.3595890410958904,48,ILP,simple-triple+text+hr-triple,hyper_relational_rdf_star
11,0.0005,160.0,192.0,1.0,0.0,0.0,1.0,lr_0.0005_ed_160_bs_192_kg_base_prop_1_subevent_0_role_0_causation_1_syntax_hyper_relational_rdf_star.csv,1001,886,0.0382959053965563,0.2907272983325443,0.1883561643835616,0.3356164383561644,0.386986301369863,0.4589041095890411,48,ILP,simple-triple+text+hr-triple,hyper_relational_rdf_star
12,0.001,160.0,256.0,0.0,1.0,0.0,1.0,lr_0.001_ed_160_bs_256_kg_base_prop_0_subevent_1_role_0_causation_1_syntax_hyper_relational_rdf_star.csv,1001,838,0.1601004919088111,0.013025286808323,0.0,0.0,0.0,0.0,48,ILP,simple-triple+text+hr-triple,hyper_relational_rdf_star
13,0.0005,160.0,896.0,0.0,0.0,0.0,1.0,lr_0.0005_ed_160_bs_896_kg_base_prop_0_subevent_0_role_0_causation_1_syntax_hyper_relational_rdf_star.csv,1001,928,0.1865739100250935,0.0717866671480062,0.0136986301369863,0.071917808219178,0.0924657534246575,0.1986301369863013,48,ILP,simple-triple+text+hr-triple,hyper_relational_rdf_star
14,0.0001,224.0,896.0,0.0,1.0,0.0,1.0,lr_0.0001_ed_224_bs_896_kg_base_prop_0_subevent_1_role_0_causation_1_syntax_hyper_relational_rdf_star.csv,1001,999,0.1093606408729278,0.1799153263420642,0.0960698689956331,0.1943231441048035,0.2565502183406113,0.3526200873362445,48,ILP,simple-triple+text+hr-triple,hyper_relational_rdf_star
15,0.0005,192.0,192.0,0.0,0.0,0.0,1.0,lr_0.0005_ed_192_bs_192_kg_base_prop_0_subevent_0_role_0_causation_1_syntax_hyper_relational_rdf_star.csv,1001,757,0.1060795614789959,0.2209394774538396,0.1404109589041096,0.2294520547945205,0.2945205479452055,0.3835616438356164,48,ILP,simple-triple+text+hr-triple,hyper_relational_rdf_star
16,0.002,160.0,896.0,0.0,0.0,0.0,1.0,lr_0.002_ed_160_bs_896_kg_base_prop_0_subevent_0_role_0_causation_1_syntax_hyper_relational_rdf_star.csv,1001,999,0.1448261897702537,0.0875368973900249,0.0102739726027397,0.0684931506849315,0.1780821917808219,0.273972602739726,48,ILP,simple-triple+text+hr-triple,hyper_relational_rdf_star
17,0.0001,192.0,192.0,0.0,1.0,0.0,1.0,lr_0.0001_ed_192_bs_192_kg_base_prop_0_subevent_1_role_0_causation_1_syntax_hyper_relational_rdf_star.csv,1001,849,0.0738775574696386,0.2353722917485643,0.1419213973799126,0.2434497816593886,0.3329694323144105,0.4203056768558952,48,ILP,simple-triple+text+hr-triple,hyper_relational_rdf_star
18,0.0001,192.0,896.0,1.0,0.0,0.0,1.0,lr_0.0001_ed_192_bs_896_kg_base_prop_1_subevent_0_role_0_causation_1_syntax_hyper_relational_rdf_star.csv,1001,967,0.1985978968452679,0.2027385480821646,0.136986301369863,0.2123287671232876,0.273972602739726,0.3287671232876712,48,ILP,simple-triple+text+hr-triple,hyper_relational_rdf_star
19,0.002,160.0,960.0,1.0,1.0,0.0,1.0,lr_0.002_ed_160_bs_960_kg_base_prop_1_subevent_1_role_0_causation_1_syntax_hyper_relational_rdf_star.csv,1001,989,0.0367070033253175,0.2071873941476782,0.1266375545851528,0.2281659388646288,0.287117903930131,0.3766375545851528,48,ILP,simple-triple+text+hr-triple,hyper_relational_rdf_star
20,0.0005,224.0,896.0,1.0,0.0,0.0,1.0,lr_0.0005_ed_224_bs_896_kg_base_prop_1_subevent_0_role_0_causation_1_syntax_hyper_relational_rdf_star.csv,1001,893,0.0725811794614999,0.2655457487044253,0.1712328767123287,0.2876712328767123,0.363013698630137,0.4520547945205479,48,ILP,simple-triple+text+hr-triple,hyper_relational_rdf_star
21,0.002,224.0,256.0,1.0,0.0,0.0,1.0,lr_0.002_ed_224_bs_256_kg_base_prop_1_subevent_0_role_0_causation_1_syntax_hyper_relational_rdf_star.csv,479,63,0.322867377990062,0.0827504860330733,0.0410958904109589,0.0787671232876712,0.1130136986301369,0.1575342465753424,48,ILP,simple-triple+text+hr-triple,hyper_relational_rdf_star
22,0.001,224.0,256.0,0.0,1.0,0.0,1.0,lr_0.001_ed_224_bs_256_kg_base_prop_0_subevent_1_role_0_causation_1_syntax_hyper_relational_rdf_star.csv,1001,990,0.1438233103918603,0.0174466178916743,0.0,0.0,0.0,0.0,48,ILP,simple-triple+text+hr-triple,hyper_relational_rdf_star
23,0.002,192.0,896.0,0.0,0.0,0.0,1.0,lr_0.002_ed_192_bs_896_kg_base_prop_0_subevent_0_role_0_causation_1_syntax_hyper_relational_rdf_star.csv,1001,814,0.1468004020740076,0.086828598187059,0.0102739726027397,0.071917808219178,0.160958904109589,0.2431506849315068,48,ILP,simple-triple+text+hr-triple,hyper_relational_rdf_star
24,0.001,224.0,256.0,1.0,0.0,0.0,1.0,lr_0.001_ed_224_bs_256_kg_base_prop_1_subevent_0_role_0_causation_1_syntax_hyper_relational_rdf_star.csv,1001,874,0.0549300874388505,0.2745492338406726,0.1883561643835616,0.3013698630136986,0.3595890410958904,0.4417808219178082,48,ILP,simple-triple+text+hr-triple,hyper_relational_rdf_star
25,0.0001,192.0,896.0,0.0,1.0,0.0,1.0,lr_0.0001_ed_192_bs_896_kg_base_prop_0_subevent_1_role_0_causation_1_syntax_hyper_relational_rdf_star.csv,1001,994,0.1226188856081376,0.1471494289671298,0.0709606986899563,0.1561135371179039,0.2117903930131004,0.3100436681222707,48,ILP,simple-triple+text+hr-triple,hyper_relational_rdf_star
26,0.0005,192.0,960.0,0.0,1.0,0.0,1.0,lr_0.0005_ed_192_bs_960_kg_base_prop_0_subevent_1_role_0_causation_1_syntax_hyper_relational_rdf_star.csv,1001,975,0.0756227608362908,0.187594074606263,0.0993449781659388,0.1975982532751091,0.2685589519650655,0.37882096069869,48,ILP,simple-triple+text+hr-triple,hyper_relational_rdf_star
27,0.001,160.0,960.0,1.0,1.0,0.0,1.0,lr_0.001_ed_160_bs_960_kg_base_prop_1_subevent_1_role_0_causation_1_syntax_hyper_relational_rdf_star.csv,1001,951,0.0366633265102308,0.313808448304809,0.2336244541484716,0.3515283842794759,0.3973799126637554,0.4672489082969432,48,ILP,simple-triple+text+hr-triple,hyper_relational_rdf_star
28,0.001,160.0,960.0,1.0,0.0,0.0,1.0,lr_0.001_ed_160_bs_960_kg_base_prop_1_subevent_0_role_0_causation_1_syntax_hyper_relational_rdf_star.csv,1001,998,0.0707075998613304,0.2783929135038249,0.1815068493150685,0.3150684931506849,0.3595890410958904,0.4486301369863014,48,ILP,simple-triple+text+hr-triple,hyper_relational_rdf_star
29,0.001,192.0,896.0,0.0,1.0,0.0,1.0,lr_0.001_ed_192_bs_896_kg_base_prop_0_subevent_1_role_0_causation_1_syntax_hyper_relational_rdf_star.csv,1001,876,0.2068290256270678,0.0598950611369365,0.0163755458515283,0.0524017467248908,0.0906113537117904,0.1397379912663755,48,ILP,simple-triple+text+hr-triple,hyper_relational_rdf_star
30,0.002,160.0,256.0,0.0,0.0,0.0,1.0,lr_0.002_ed_160_bs_256_kg_base_prop_0_subevent_0_role_0_causation_1_syntax_hyper_relational_rdf_star.csv,1001,517,0.1573295343606951,0.0705203897170298,0.0,0.0547945205479452,0.1232876712328767,0.2363013698630137,48,ILP,simple-triple+text+hr-triple,hyper_relational_rdf_star
31,0.001,160.0,896.0,1.0,1.0,0.0,1.0,lr_0.001_ed_160_bs_896_kg_base_prop_1_subevent_1_role_0_causation_1_syntax_hyper_relational_rdf_star.csv,1001,864,0.0343623143000412,0.3044893505080576,0.2194323144104803,0.3318777292576419,0.3973799126637554,0.4650655021834061,48,ILP,simple-triple+text+hr-triple,hyper_relational_rdf_star
32,0.0005,224.0,896.0,0.0,0.0,0.0,1.0,lr_0.0005_ed_224_bs_896_kg_base_prop_0_subevent_0_role_0_causation_1_syntax_hyper_relational_rdf_star.csv,1001,976,0.1728918232899199,0.1439279186990506,0.0616438356164383,0.1506849315068493,0.2226027397260274,0.2910958904109589,48,ILP,simple-triple+text+hr-triple,hyper_relational_rdf_star
33,0.0001,160.0,256.0,0.0,1.0,0.0,1.0,lr_0.0001_ed_160_bs_256_kg_base_prop_0_subevent_1_role_0_causation_1_syntax_hyper_relational_rdf_star.csv,1001,959,0.069989586885286,0.2095910989909791,0.1179039301310043,0.2314410480349345,0.287117903930131,0.3951965065502183,48,ILP,simple-triple+text+hr-triple,hyper_relational_rdf_star
34,0.0005,192.0,256.0,1.0,0.0,0.0,1.0,lr_0.0005_ed_192_bs_256_kg_base_prop_1_subevent_0_role_0_causation_1_syntax_hyper_relational_rdf_star.csv,1001,999,0.045925811794615,0.2701724726861314,0.1575342465753424,0.3082191780821918,0.3732876712328767,0.4828767123287671,48,ILP,simple-triple+text+hr-triple,hyper_relational_rdf_star
35,0.002,224.0,960.0,0.0,1.0,0.0,1.0,lr_0.002_ed_224_bs_960_kg_base_prop_0_subevent_1_role_0_causation_1_syntax_hyper_relational_rdf_star.csv,1001,889,0.1373776790324315,0.0359314425215741,0.0010917030567685,0.0163755458515283,0.0393013100436681,0.093886462882096,48,ILP,simple-triple+text+hr-triple,hyper_relational_rdf_star
36,0.001,160.0,192.0,1.0,0.0,0.0,1.0,lr_0.001_ed_160_bs_192_kg_base_prop_1_subevent_0_role_0_causation_1_syntax_hyper_relational_rdf_star.csv,1001,789,0.048498902199453,0.2445526735105591,0.1541095890410959,0.2705479452054795,0.3184931506849315,0.4041095890410959,48,ILP,simple-triple+text+hr-triple,hyper_relational_rdf_star
37,0.001,160.0,960.0,0.0,1.0,0.0,1.0,lr_0.001_ed_160_bs_960_kg_base_prop_0_subevent_1_role_0_causation_1_syntax_hyper_relational_rdf_star.csv,1001,569,0.1878213959690083,0.0492305228615734,0.0054585152838427,0.0393013100436681,0.0731441048034934,0.1397379912663755,48,ILP,simple-triple+text+hr-triple,hyper_relational_rdf_star
38,0.0001,224.0,256.0,1.0,1.0,0.0,1.0,lr_0.0001_ed_224_bs_256_kg_base_prop_1_subevent_1_role_0_causation_1_syntax_hyper_relational_rdf_star.csv,1001,555,0.0478206529179892,0.3037506648760587,0.2259825327510917,0.3264192139737991,0.3831877729257641,0.4617903930131004,48,ILP,simple-triple+text+hr-triple,hyper_relational_rdf_star
39,0.0001,192.0,256.0,0.0,0.0,0.0,1.0,lr_0.0001_ed_192_bs_256_kg_base_prop_0_subevent_0_role_0_causation_1_syntax_hyper_relational_rdf_star.csv,1001,972,0.1318527946312996,0.1915312696545696,0.0993150684931506,0.2226027397260274,0.2705479452054795,0.3595890410958904,48,ILP,simple-triple+text+hr-triple,hyper_relational_rdf_star
40,0.002,224.0,256.0,1.0,1.0,0.0,1.0,lr_0.002_ed_224_bs_256_kg_base_prop_1_subevent_1_role_0_causation_1_syntax_hyper_relational_rdf_star.csv,342,151,0.0696972776745119,0.0592237792488044,0.0218340611353711,0.0425764192139738,0.0807860262008733,0.1430131004366812,48,ILP,simple-triple+text+hr-triple,hyper_relational_rdf_star
41,0.0001,160.0,960.0,0.0,1.0,0.0,1.0,lr_0.0001_ed_160_bs_960_kg_base_prop_0_subevent_1_role_0_causation_1_syntax_hyper_relational_rdf_star.csv,1001,988,0.162031734769864,0.0986924580202737,0.0305676855895196,0.1048034934497816,0.1550218340611353,0.2368995633187773,48,ILP,simple-triple+text+hr-triple,hyper_relational_rdf_star
42,0.0001,224.0,960.0,1.0,1.0,0.0,1.0,lr_0.0001_ed_224_bs_960_kg_base_prop_1_subevent_1_role_0_causation_1_syntax_hyper_relational_rdf_star.csv,1001,944,0.056432544938823,0.3000247264452155,0.2139737991266375,0.3176855895196506,0.3831877729257641,0.4879912663755458,48,ILP,simple-triple+text+hr-triple,hyper_relational_rdf_star
43,0.0001,224.0,192.0,0.0,1.0,0.0,1.0,lr_0.0001_ed_224_bs_192_kg_base_prop_0_subevent_1_role_0_causation_1_syntax_hyper_relational_rdf_star.csv,1001,891,0.0653146437547561,0.2535391203876059,0.1495633187772925,0.2882096069868995,0.3580786026200873,0.4334061135371179,48,ILP,simple-triple+text+hr-triple,hyper_relational_rdf_star
44,0.0005,224.0,192.0,0.0,0.0,0.0,1.0,lr_0.0005_ed_224_bs_192_kg_base_prop_0_subevent_0_role_0_causation_1_syntax_hyper_relational_rdf_star.csv,1001,930,0.1192843661187564,0.1800415162630338,0.0958904109589041,0.1883561643835616,0.25,0.3698630136986301,48,ILP,simple-triple+text+hr-triple,hyper_relational_rdf_star
45,0.0001,160.0,960.0,1.0,0.0,0.0,1.0,lr_0.0001_ed_160_bs_960_kg_base_prop_1_subevent_0_role_0_causation_1_syntax_hyper_relational_rdf_star.csv,1001,1000,0.2222980624783328,0.1993061582617022,0.1267123287671233,0.2260273972602739,0.2705479452054795,0.3356164383561644,48,ILP,simple-triple+text+hr-triple,hyper_relational_rdf_star
46,0.002,160.0,256.0,1.0,1.0,0.0,1.0,lr_0.002_ed_160_bs_256_kg_base_prop_1_subevent_1_role_0_causation_1_syntax_hyper_relational_rdf_star.csv,500,404,0.0777287720179444,0.0700189050409533,0.0251091703056768,0.0720524017467248,0.0971615720524017,0.1441048034934497,48,ILP,simple-triple+text+hr-triple,hyper_relational_rdf_star
47,0.001,192.0,256.0,1.0,0.0,0.0,1.0,lr_0.001_ed_192_bs_256_kg_base_prop_1_subevent_0_role_0_causation_1_syntax_hyper_relational_rdf_star.csv,1001,828,0.0540456839104811,0.241812028252376,0.136986301369863,0.2773972602739726,0.3321917808219178,0.4246575342465753,48,ILP,simple-triple+text+hr-triple,hyper_relational_rdf_star
48,0.0001,160.0,192.0,1.0,1.0,0.0,1.0,lr_0.0001_ed_160_bs_192_kg_base_prop_1_subevent_1_role_0_causation_1_syntax_hyper_relational_rdf_star.csv,1001,560,0.0374012127035696,0.3035430448181374,0.2237991266375545,0.3209606986899563,0.3831877729257641,0.4705240174672489,48,ILP,simple-triple+text+hr-triple,hyper_relational_rdf_star
49,0.002,224.0,192.0,0.0,1.0,0.0,1.0,lr_0.002_ed_224_bs_192_kg_base_prop_0_subevent_1_role_0_causation_1_syntax_hyper_relational_rdf_star.csv,390,369,0.175579487540196,0.017049185842887,0.0,0.0,0.0,0.0,48,ILP,simple-triple+text+hr-triple,hyper_relational_rdf_star
50,0.0005,160.0,192.0,0.0,1.0,0.0,1.0,lr_0.0005_ed_160_bs_192_kg_base_prop_0_subevent_1_role_0_causation_1_syntax_hyper_relational_rdf_star.csv,1001,998,0.0855730704518822,0.1781852781074714,0.0960698689956331,0.1921397379912663,0.2554585152838428,0.3286026200873362,48,ILP,simple-triple+text+hr-triple,hyper_relational_rdf_star
51,0.0005,160.0,256.0,1.0,0.0,0.0,1.0,lr_0.0005_ed_160_bs_256_kg_base_prop_1_subevent_0_role_0_causation_1_syntax_hyper_relational_rdf_star.csv,1001,820,0.0563660875929278,0.2896672268683082,0.2020547945205479,0.3082191780821918,0.3595890410958904,0.4383561643835616,48,ILP,simple-triple+text+hr-triple,hyper_relational_rdf_star
52,0.001,160.0,256.0,1.0,1.0,0.0,1.0,lr_0.001_ed_160_bs_256_kg_base_prop_1_subevent_1_role_0_causation_1_syntax_hyper_relational_rdf_star.csv,1001,1000,0.0353320235888399,0.2112741478471186,0.1364628820960698,0.2270742358078602,0.2718340611353712,0.3504366812227074,48,ILP,simple-triple+text+hr-triple,hyper_relational_rdf_star
53,0.0005,192.0,192.0,1.0,1.0,0.0,1.0,lr_0.0005_ed_192_bs_192_kg_base_prop_1_subevent_1_role_0_causation_1_syntax_hyper_relational_rdf_star.csv,1001,991,0.0399201890198166,0.325982499652298,0.2478165938864628,0.3580786026200873,0.4017467248908297,0.4716157205240174,48,ILP,simple-triple+text+hr-triple,hyper_relational_rdf_star
54,0.002,224.0,256.0,0.0,1.0,0.0,1.0,lr_0.002_ed_224_bs_256_kg_base_prop_0_subevent_1_role_0_causation_1_syntax_hyper_relational_rdf_star.csv,1001,492,0.1361574638280608,0.0443631575305501,0.0,0.0283842794759825,0.0720524017467248,0.1353711790393013,48,ILP,simple-triple+text+hr-triple,hyper_relational_rdf_star
55,0.001,192.0,192.0,0.0,1.0,0.0,1.0,lr_0.001_ed_192_bs_192_kg_base_prop_0_subevent_1_role_0_causation_1_syntax_hyper_relational_rdf_star.csv,1001,998,0.1556696937586043,0.0163060361141564,0.0,0.0,0.0,0.0,48,ILP,simple-triple+text+hr-triple,hyper_relational_rdf_star
56,0.0001,160.0,192.0,1.0,0.0,0.0,1.0,lr_0.0001_ed_160_bs_192_kg_base_prop_1_subevent_0_role_0_causation_1_syntax_hyper_relational_rdf_star.csv,1001,966,0.0693455567967335,0.2355506321243518,0.1541095890410959,0.2636986301369863,0.3150684931506849,0.3698630136986301,48,ILP,simple-triple+text+hr-triple,hyper_relational_rdf_star
57,0.0001,160.0,896.0,1.0,1.0,0.0,1.0,lr_0.0001_ed_160_bs_896_kg_base_prop_1_subevent_1_role_0_causation_1_syntax_hyper_relational_rdf_star.csv,1001,990,0.0474422605103635,0.2801843044756344,0.2019650655021834,0.2936681222707423,0.3537117903930131,0.4443231441048035,48,ILP,simple-triple+text+hr-triple,hyper_relational_rdf_star
58,0.0005,224.0,192.0,0.0,1.0,0.0,1.0,lr_0.0005_ed_224_bs_192_kg_base_prop_0_subevent_1_role_0_causation_1_syntax_hyper_relational_rdf_star.csv,1001,855,0.0709906322743353,0.1985116324362032,0.1124454148471615,0.2063318777292576,0.2718340611353712,0.3635371179039301,48,ILP,simple-triple+text+hr-triple,hyper_relational_rdf_star
59,0.001,192.0,256.0,0.0,0.0,0.0,1.0,lr_0.001_ed_192_bs_256_kg_base_prop_0_subevent_0_role_0_causation_1_syntax_hyper_relational_rdf_star.csv,1001,809,0.1211284105783068,0.172870041796544,0.0856164383561643,0.184931506849315,0.2568493150684932,0.3424657534246575,48,ILP,simple-triple+text+hr-triple,hyper_relational_rdf_star
60,0.002,160.0,896.0,0.0,1.0,0.0,1.0,lr_0.002_ed_160_bs_896_kg_base_prop_0_subevent_1_role_0_causation_1_syntax_hyper_relational_rdf_star.csv,1001,891,0.170291888321256,0.0305829407104539,0.0010917030567685,0.0021834061135371,0.0349344978165938,0.0917030567685589,48,ILP,simple-triple+text+hr-triple,hyper_relational_rdf_star
61,0.0005,224.0,896.0,0.0,1.0,0.0,1.0,lr_0.0005_ed_224_bs_896_kg_base_prop_0_subevent_1_role_0_causation_1_syntax_hyper_relational_rdf_star.csv,1001,1000,0.0922827249841866,0.1631235122526307,0.0862445414847161,0.1670305676855895,0.2259825327510917,0.3307860262008734,48,ILP,simple-triple+text+hr-triple,hyper_relational_rdf_star
62,0.002,224.0,192.0,1.0,1.0,0.0,1.0,lr_0.002_ed_224_bs_192_kg_base_prop_1_subevent_1_role_0_causation_1_syntax_hyper_relational_rdf_star.csv,61,59,0.2154417699861326,0.0555213842563684,0.0207423580786026,0.0491266375545851,0.074235807860262,0.1320960698689956,48,ILP,simple-triple+text+hr-triple,hyper_relational_rdf_star
63,0.002,224.0,256.0,0.0,0.0,0.0,1.0,lr_0.002_ed_224_bs_256_kg_base_prop_0_subevent_0_role_0_causation_1_syntax_hyper_relational_rdf_star.csv,1001,521,0.1843393620329324,0.0417373513123032,0.0,0.0,0.0034246575342465,0.1643835616438356,48,ILP,simple-triple+text+hr-triple,hyper_relational_rdf_star
64,0.001,192.0,192.0,1.0,1.0,0.0,1.0,lr_0.001_ed_192_bs_192_kg_base_prop_1_subevent_1_role_0_causation_1_syntax_hyper_relational_rdf_star.csv,1001,851,0.0422388399437912,0.280493947926603,0.1888646288209607,0.3209606986899563,0.3679039301310043,0.4410480349344978,48,ILP,simple-triple+text+hr-triple,hyper_relational_rdf_star
65,0.0005,160.0,960.0,0.0,0.0,0.0,1.0,lr_0.0005_ed_160_bs_960_kg_base_prop_0_subevent_0_role_0_causation_1_syntax_hyper_relational_rdf_star.csv,1001,988,0.2085650441485938,0.0676666237677013,0.0136986301369863,0.0376712328767123,0.0993150684931506,0.1643835616438356,48,ILP,simple-triple+text+hr-triple,hyper_relational_rdf_star
66,0.002,192.0,192.0,0.0,0.0,0.0,1.0,lr_0.002_ed_192_bs_192_kg_base_prop_0_subevent_0_role_0_causation_1_syntax_hyper_relational_rdf_star.csv,946,265,0.1836089757960125,0.0661103548856813,0.0136986301369863,0.0376712328767123,0.0993150684931506,0.1883561643835616,48,ILP,simple-triple+text+hr-triple,hyper_relational_rdf_star
67,0.0005,160.0,192.0,0.0,0.0,0.0,1.0,lr_0.0005_ed_160_bs_192_kg_base_prop_0_subevent_0_role_0_causation_1_syntax_hyper_relational_rdf_star.csv,1001,833,0.0971919903386533,0.2079661843056831,0.0993150684931506,0.2465753424657534,0.3184931506849315,0.4041095890410959,48,ILP,simple-triple+text+hr-triple,hyper_relational_rdf_star
68,0.0005,224.0,256.0,0.0,1.0,0.0,1.0,lr_0.0005_ed_224_bs_256_kg_base_prop_0_subevent_1_role_0_causation_1_syntax_hyper_relational_rdf_star.csv,1001,977,0.1055868424714403,0.1018347157887541,0.0414847161572052,0.1048034934497816,0.1353711790393013,0.2139737991266375,48,ILP,simple-triple+text+hr-triple,hyper_relational_rdf_star
69,0.002,160.0,256.0,0.0,1.0,0.0,1.0,lr_0.002_ed_160_bs_256_kg_base_prop_0_subevent_1_role_0_causation_1_syntax_hyper_relational_rdf_star.csv,1001,707,0.1369724697227094,0.0252794744988278,0.0,0.0,0.0032751091703056,0.0655021834061135,48,ILP,simple-triple+text+hr-triple,hyper_relational_rdf_star
70,0.0005,224.0,960.0,1.0,1.0,0.0,1.0,lr_0.0005_ed_224_bs_960_kg_base_prop_1_subevent_1_role_0_causation_1_syntax_hyper_relational_rdf_star.csv,1001,887,0.0474187422253169,0.3350744994947137,0.2489082969432314,0.3755458515283842,0.4213973799126637,0.490174672489083,48,ILP,simple-triple+text+hr-triple,hyper_relational_rdf_star
71,0.0005,160.0,896.0,0.0,1.0,0.0,1.0,lr_0.0005_ed_160_bs_896_kg_base_prop_0_subevent_1_role_0_causation_1_syntax_hyper_relational_rdf_star.csv,1001,988,0.0716450835368299,0.196112363762996,0.1037117903930131,0.2139737991266375,0.2762008733624454,0.3853711790393013,48,ILP,simple-triple+text+hr-triple,hyper_relational_rdf_star
72,0.002,192.0,896.0,1.0,1.0,0.0,1.0,lr_0.002_ed_192_bs_896_kg_base_prop_1_subevent_1_role_0_causation_1_syntax_hyper_relational_rdf_star.csv,984,937,0.0703675487983416,0.0612823379732353,0.0163755458515283,0.0502183406113537,0.0829694323144104,0.1419213973799126,48,ILP,simple-triple+text+hr-triple,hyper_relational_rdf_star
73,0.002,224.0,960.0,1.0,0.0,0.0,1.0,lr_0.002_ed_224_bs_960_kg_base_prop_1_subevent_0_role_0_causation_1_syntax_hyper_relational_rdf_star.csv,1001,962,0.0668002003004506,0.2357060240098121,0.1506849315068493,0.25,0.3287671232876712,0.3938356164383562,48,ILP,simple-triple+text+hr-triple,hyper_relational_rdf_star
74,0.001,192.0,896.0,1.0,0.0,0.0,1.0,lr_0.001_ed_192_bs_896_kg_base_prop_1_subevent_0_role_0_causation_1_syntax_hyper_relational_rdf_star.csv,1001,923,0.0538700358229652,0.2752735728987402,0.1917808219178082,0.3047945205479452,0.3356164383561644,0.410958904109589,48,ILP,simple-triple+text+hr-triple,hyper_relational_rdf_star
75,0.002,160.0,256.0,1.0,0.0,0.0,1.0,lr_0.002_ed_160_bs_256_kg_base_prop_1_subevent_0_role_0_causation_1_syntax_hyper_relational_rdf_star.csv,1001,809,0.0857578675705866,0.2106681170752742,0.1404109589041096,0.2191780821917808,0.2636986301369863,0.339041095890411,48,ILP,simple-triple+text+hr-triple,hyper_relational_rdf_star
76,0.0001,224.0,256.0,0.0,0.0,0.0,1.0,lr_0.0001_ed_224_bs_256_kg_base_prop_0_subevent_0_role_0_causation_1_syntax_hyper_relational_rdf_star.csv,1001,979,0.1648865008714014,0.1726584654954169,0.0856164383561643,0.1917808219178082,0.2602739726027397,0.3493150684931507,48,ILP,simple-triple+text+hr-triple,hyper_relational_rdf_star
77,0.0001,160.0,256.0,0.0,0.0,0.0,1.0,lr_0.0001_ed_160_bs_256_kg_base_prop_0_subevent_0_role_0_causation_1_syntax_hyper_relational_rdf_star.csv,1001,990,0.1689795564169131,0.1362334193096337,0.0342465753424657,0.1712328767123287,0.2431506849315068,0.3321917808219178,48,ILP,simple-triple+text+hr-triple,hyper_relational_rdf_star
78,0.002,224.0,192.0,1.0,0.0,0.0,1.0,lr_0.002_ed_224_bs_192_kg_base_prop_1_subevent_0_role_0_causation_1_syntax_hyper_relational_rdf_star.csv,1001,52,0.3589461114749047,0.0148202736701526,0.0,0.0,0.0,0.0034246575342465,48,ILP,simple-triple+text+hr-triple,hyper_relational_rdf_star
79,0.0005,160.0,256.0,0.0,1.0,0.0,1.0,lr_0.0005_ed_160_bs_256_kg_base_prop_0_subevent_1_role_0_causation_1_syntax_hyper_relational_rdf_star.csv,1001,977,0.0727317580630281,0.2062831955061103,0.1200873362445414,0.222707423580786,0.2860262008733624,0.3799126637554585,48,ILP,simple-triple+text+hr-triple,hyper_relational_rdf_star
80,0.001,224.0,960.0,1.0,0.0,0.0,1.0,lr_0.001_ed_224_bs_960_kg_base_prop_1_subevent_0_role_0_causation_1_syntax_hyper_relational_rdf_star.csv,1001,914,0.0607788605985901,0.2752787032172382,0.2020547945205479,0.3013698630136986,0.3356164383561644,0.3938356164383562,48,ILP,simple-triple+text+hr-triple,hyper_relational_rdf_star
81,0.002,192.0,256.0,1.0,0.0,0.0,1.0,lr_0.002_ed_192_bs_256_kg_base_prop_1_subevent_0_role_0_causation_1_syntax_hyper_relational_rdf_star.csv,663,64,0.3872578097916104,0.0748196410504232,0.0410958904109589,0.0753424657534246,0.1095890410958904,0.1301369863013698,48,ILP,simple-triple+text+hr-triple,hyper_relational_rdf_star
82,0.0001,224.0,256.0,1.0,0.0,0.0,1.0,lr_0.0001_ed_224_bs_256_kg_base_prop_1_subevent_0_role_0_causation_1_syntax_hyper_relational_rdf_star.csv,1001,775,0.0688032048072108,0.2516375007072212,0.1746575342465753,0.2705479452054795,0.3082191780821918,0.4006849315068493,48,ILP,simple-triple+text+hr-triple,hyper_relational_rdf_star
83,0.002,160.0,192.0,0.0,0.0,0.0,1.0,lr_0.002_ed_160_bs_192_kg_base_prop_0_subevent_0_role_0_causation_1_syntax_hyper_relational_rdf_star.csv,1001,884,0.1581250045197168,0.0716226156892849,0.0,0.0650684931506849,0.1198630136986301,0.2260273972602739,48,ILP,simple-triple+text+hr-triple,hyper_relational_rdf_star
84,0.001,160.0,256.0,0.0,0.0,0.0,1.0,lr_0.001_ed_160_bs_256_kg_base_prop_0_subevent_0_role_0_causation_1_syntax_hyper_relational_rdf_star.csv,1001,693,0.1624060802846336,0.0679038996519251,0.0,0.0890410958904109,0.1061643835616438,0.2260273972602739,48,ILP,simple-triple+text+hr-triple,hyper_relational_rdf_star
85,0.0005,224.0,256.0,1.0,0.0,0.0,1.0,lr_0.0005_ed_224_bs_256_kg_base_prop_1_subevent_0_role_0_causation_1_syntax_hyper_relational_rdf_star.csv,1001,738,0.0622610839335927,0.2676692735178044,0.1643835616438356,0.3219178082191781,0.3664383561643836,0.4520547945205479,48,ILP,simple-triple+text+hr-triple,hyper_relational_rdf_star
86,0.001,224.0,896.0,1.0,1.0,0.0,1.0,lr_0.001_ed_224_bs_896_kg_base_prop_1_subevent_1_role_0_causation_1_syntax_hyper_relational_rdf_star.csv,1001,580,0.0579393950593122,0.2556890058249624,0.1768558951965065,0.2958515283842794,0.3449781659388646,0.3951965065502183,48,ILP,simple-triple+text+hr-triple,hyper_relational_rdf_star
87,0.0005,192.0,960.0,0.0,0.0,0.0,1.0,lr_0.0005_ed_192_bs_960_kg_base_prop_0_subevent_0_role_0_causation_1_syntax_hyper_relational_rdf_star.csv,1001,993,0.1806801993014326,0.0989392069395246,0.0136986301369863,0.1232876712328767,0.1712328767123287,0.2671232876712329,48,ILP,simple-triple+text+hr-triple,hyper_relational_rdf_star
88,0.0005,224.0,960.0,0.0,0.0,0.0,1.0,lr_0.0005_ed_224_bs_960_kg_base_prop_0_subevent_0_role_0_causation_1_syntax_hyper_relational_rdf_star.csv,1001,980,0.2012756448731948,0.0679369469128937,0.0136986301369863,0.0445205479452054,0.0993150684931506,0.1575342465753424,48,ILP,simple-triple+text+hr-triple,hyper_relational_rdf_star
89,0.0005,192.0,896.0,0.0,1.0,0.0,1.0,lr_0.0005_ed_192_bs_896_kg_base_prop_0_subevent_1_role_0_causation_1_syntax_hyper_relational_rdf_star.csv,1001,999,0.0826331367431059,0.2074304076459386,0.1189956331877729,0.2292576419213974,0.2816593886462882,0.3733624454148471,48,ILP,simple-triple+text+hr-triple,hyper_relational_rdf_star
90,0.0005,224.0,896.0,1.0,1.0,0.0,1.0,lr_0.0005_ed_224_bs_896_kg_base_prop_1_subevent_1_role_0_causation_1_syntax_hyper_relational_rdf_star.csv,1001,729,0.0482654004869964,0.3200861512009168,0.2456331877729257,0.3417030567685589,0.3875545851528384,0.4650655021834061,48,ILP,simple-triple+text+hr-triple,hyper_relational_rdf_star
91,0.001,192.0,896.0,0.0,0.0,0.0,1.0,lr_0.001_ed_192_bs_896_kg_base_prop_0_subevent_0_role_0_causation_1_syntax_hyper_relational_rdf_star.csv,1001,889,0.175603653377494,0.0899805168163304,0.0136986301369863,0.1027397260273972,0.1678082191780822,0.2534246575342466,48,ILP,simple-triple+text+hr-triple,hyper_relational_rdf_star
92,0.0005,160.0,256.0,0.0,0.0,0.0,1.0,lr_0.0005_ed_160_bs_256_kg_base_prop_0_subevent_0_role_0_causation_1_syntax_hyper_relational_rdf_star.csv,1001,991,0.090256936861364,0.2323071537772437,0.136986301369863,0.2705479452054795,0.3082191780821918,0.4041095890410959,48,ILP,simple-triple+text+hr-triple,hyper_relational_rdf_star
93,0.001,224.0,896.0,0.0,0.0,0.0,1.0,lr_0.001_ed_224_bs_896_kg_base_prop_0_subevent_0_role_0_causation_1_syntax_hyper_relational_rdf_star.csv,1001,958,0.1904138614290983,0.061763595166005,0.0136986301369863,0.0273972602739726,0.1061643835616438,0.1780821917808219,48,ILP,simple-triple+text+hr-triple,hyper_relational_rdf_star
94,0.001,192.0,960.0,1.0,0.0,0.0,1.0,lr_0.001_ed_192_bs_960_kg_base_prop_1_subevent_0_role_0_causation_1_syntax_hyper_relational_rdf_star.csv,1001,990,0.0587234698201147,0.2696449191173376,0.1815068493150685,0.3116438356164384,0.3801369863013699,0.4280821917808219,48,ILP,simple-triple+text+hr-triple,hyper_relational_rdf_star
95,0.001,192.0,192.0,0.0,0.0,0.0,1.0,lr_0.001_ed_192_bs_192_kg_base_prop_0_subevent_0_role_0_causation_1_syntax_hyper_relational_rdf_star.csv,1001,564,0.1673596899112689,0.0887551600683889,0.0136986301369863,0.0924657534246575,0.1130136986301369,0.25,48,ILP,simple-triple+text+hr-triple,hyper_relational_rdf_star
96,0.002,160.0,192.0,1.0,0.0,0.0,1.0,lr_0.002_ed_160_bs_192_kg_base_prop_1_subevent_0_role_0_causation_1_syntax_hyper_relational_rdf_star.csv,1001,725,0.1492808443434382,0.0634503831882288,0.0034246575342465,0.0650684931506849,0.1232876712328767,0.2089041095890411,48,ILP,simple-triple+text+hr-triple,hyper_relational_rdf_star
97,0.002,192.0,256.0,0.0,1.0,0.0,1.0,lr_0.002_ed_192_bs_256_kg_base_prop_0_subevent_1_role_0_causation_1_syntax_hyper_relational_rdf_star.csv,1001,363,0.1345213356718243,0.0310258869787698,0.0,0.0010917030567685,0.0152838427947598,0.1004366812227074,48,ILP,simple-triple+text+hr-triple,hyper_relational_rdf_star
98,0.002,224.0,896.0,1.0,1.0,0.0,1.0,lr_0.002_ed_224_bs_896_kg_base_prop_1_subevent_1_role_0_causation_1_syntax_hyper_relational_rdf_star.csv,912,854,0.0695927052999295,0.0605941264682742,0.0152838427947598,0.0524017467248908,0.0720524017467248,0.168122270742358,48,ILP,simple-triple+text+hr-triple,hyper_relational_rdf_star
99,0.0005,192.0,960.0,1.0,0.0,0.0,1.0,lr_0.0005_ed_192_bs_960_kg_base_prop_1_subevent_0_role_0_causation_1_syntax_hyper_relational_rdf_star.csv,1001,946,0.0629790840106313,0.2379813934858903,0.1438356164383561,0.2671232876712329,0.3150684931506849,0.4143835616438356,48,ILP,simple-triple+text+hr-triple,hyper_relational_rdf_star
100,0.001,224.0,896.0,0.0,1.0,0.0,1.0,lr_0.001_ed_224_bs_896_kg_base_prop_0_subevent_1_role_0_causation_1_syntax_hyper_relational_rdf_star.csv,1001,949,0.2371901614160205,0.0499769497313757,0.0087336244541484,0.0393013100436681,0.0676855895196506,0.1222707423580786,48,ILP,simple-triple+text+hr-triple,hyper_relational_rdf_star
101,0.0005,160.0,896.0,1.0,1.0,0.0,1.0,lr_0.0005_ed_160_bs_896_kg_base_prop_1_subevent_1_role_0_causation_1_syntax_hyper_relational_rdf_star.csv,1001,587,0.0447179191693341,0.2871327699377047,0.2041484716157205,0.3122270742358078,0.37117903930131,0.4465065502183406,48,ILP,simple-triple+text+hr-triple,hyper_relational_rdf_star
102,0.0001,224.0,192.0,1.0,1.0,0.0,1.0,lr_0.0001_ed_224_bs_192_kg_base_prop_1_subevent_1_role_0_causation_1_syntax_hyper_relational_rdf_star.csv,1001,741,0.0510161998987033,0.331091283435622,0.2565502183406113,0.3537117903930131,0.4039301310043668,0.4836244541484716,48,ILP,simple-triple+text+hr-triple,hyper_relational_rdf_star
103,0.0001,160.0,896.0,0.0,1.0,0.0,1.0,lr_0.0001_ed_160_bs_896_kg_base_prop_0_subevent_1_role_0_causation_1_syntax_hyper_relational_rdf_star.csv,1001,999,0.1561977401043554,0.1292511377064945,0.0600436681222707,0.1320960698689956,0.1790393013100436,0.2685589519650655,48,ILP,simple-triple+text+hr-triple,hyper_relational_rdf_star
104,0.0005,160.0,960.0,1.0,1.0,0.0,1.0,lr_0.0005_ed_160_bs_960_kg_base_prop_1_subevent_1_role_0_causation_1_syntax_hyper_relational_rdf_star.csv,1001,813,0.0428784533031851,0.3118629118000113,0.2358078602620087,0.3395196506550218,0.3930131004366812,0.4617903930131004,48,ILP,simple-triple+text+hr-triple,hyper_relational_rdf_star
105,0.0005,192.0,896.0,1.0,1.0,0.0,1.0,lr_0.0005_ed_192_bs_896_kg_base_prop_1_subevent_1_role_0_causation_1_syntax_hyper_relational_rdf_star.csv,1001,685,0.0499717360610064,0.2954507392414387,0.2248908296943231,0.3045851528384279,0.3493449781659388,0.4432314410480349,48,ILP,simple-triple+text+hr-triple,hyper_relational_rdf_star
106,0.002,192.0,256.0,1.0,1.0,0.0,1.0,lr_0.002_ed_192_bs_256_kg_base_prop_1_subevent_1_role_0_causation_1_syntax_hyper_relational_rdf_star.csv,1001,573,0.0749174970161175,0.0644403164129226,0.0272925764192139,0.0578602620087336,0.0829694323144104,0.1299126637554585,48,ILP,simple-triple+text+hr-triple,hyper_relational_rdf_star
107,0.002,160.0,960.0,0.0,0.0,0.0,1.0,lr_0.002_ed_160_bs_960_kg_base_prop_0_subevent_0_role_0_causation_1_syntax_hyper_relational_rdf_star.csv,1001,994,0.1648503431369004,0.061371779606173,0.0,0.0376712328767123,0.0993150684931506,0.1780821917808219,48,ILP,simple-triple+text+hr-triple,hyper_relational_rdf_star
108,0.002,160.0,960.0,0.0,1.0,0.0,1.0,lr_0.002_ed_160_bs_960_kg_base_prop_0_subevent_1_role_0_causation_1_syntax_hyper_relational_rdf_star.csv,1001,824,0.1658085913548211,0.0149828076894472,0.0,0.0,0.0,0.0,48,ILP,simple-triple+text+hr-triple,hyper_relational_rdf_star
109,0.001,160.0,896.0,0.0,1.0,0.0,1.0,lr_0.001_ed_160_bs_896_kg_base_prop_0_subevent_1_role_0_causation_1_syntax_hyper_relational_rdf_star.csv,1001,936,0.1642254717120577,0.0381360532862328,0.0032751091703056,0.0141921397379912,0.0534934497816593,0.1058951965065502,48,ILP,simple-triple+text+hr-triple,hyper_relational_rdf_star
110,0.0001,192.0,192.0,0.0,0.0,0.0,1.0,lr_0.0001_ed_192_bs_192_kg_base_prop_0_subevent_0_role_0_causation_1_syntax_hyper_relational_rdf_star.csv,1001,987,0.1251780768424173,0.2310380231491275,0.1506849315068493,0.2431506849315068,0.3150684931506849,0.3972602739726027,48,ILP,simple-triple+text+hr-triple,hyper_relational_rdf_star
111,0.001,192.0,960.0,0.0,0.0,0.0,1.0,lr_0.001_ed_192_bs_960_kg_base_prop_0_subevent_0_role_0_causation_1_syntax_hyper_relational_rdf_star.csv,1001,1000,0.1923663790921516,0.0681064999801282,0.0171232876712328,0.0342465753424657,0.1130136986301369,0.1986301369863013,48,ILP,simple-triple+text+hr-triple,hyper_relational_rdf_star
112,0.0001,160.0,256.0,1.0,0.0,0.0,1.0,lr_0.0001_ed_160_bs_256_kg_base_prop_1_subevent_0_role_0_causation_1_syntax_hyper_relational_rdf_star.csv,1001,925,0.0735179692615846,0.2507880520009123,0.1712328767123287,0.2773972602739726,0.3150684931506849,0.3835616438356164,48,ILP,simple-triple+text+hr-triple,hyper_relational_rdf_star
113,0.0005,160.0,192.0,1.0,1.0,0.0,1.0,lr_0.0005_ed_160_bs_192_kg_base_prop_1_subevent_1_role_0_causation_1_syntax_hyper_relational_rdf_star.csv,1001,630,0.0321599948931723,0.3201215101824195,0.2412663755458515,0.3351528384279476,0.388646288209607,0.4803493449781659,48,ILP,simple-triple+text+hr-triple,hyper_relational_rdf_star
114,0.002,192.0,896.0,1.0,0.0,0.0,1.0,lr_0.002_ed_192_bs_896_kg_base_prop_1_subevent_0_role_0_causation_1_syntax_hyper_relational_rdf_star.csv,1001,651,0.0781033088093679,0.2195410474632106,0.1404109589041096,0.2534246575342466,0.2945205479452055,0.3527397260273973,48,ILP,simple-triple+text+hr-triple,hyper_relational_rdf_star
115,0.0005,192.0,192.0,0.0,1.0,0.0,1.0,lr_0.0005_ed_192_bs_192_kg_base_prop_0_subevent_1_role_0_causation_1_syntax_hyper_relational_rdf_star.csv,1001,994,0.1269416279424184,0.0713852051428923,0.0327510917030567,0.0589519650655021,0.0709606986899563,0.1179039301310043,48,ILP,simple-triple+text+hr-triple,hyper_relational_rdf_star
116,0.0005,160.0,896.0,1.0,0.0,0.0,1.0,lr_0.0005_ed_160_bs_896_kg_base_prop_1_subevent_0_role_0_causation_1_syntax_hyper_relational_rdf_star.csv,1001,968,0.0663687839451485,0.2654583836802149,0.1883561643835616,0.2876712328767123,0.3321917808219178,0.4178082191780822,48,ILP,simple-triple+text+hr-triple,hyper_relational_rdf_star
117,0.001,192.0,960.0,1.0,1.0,0.0,1.0,lr_0.001_ed_192_bs_960_kg_base_prop_1_subevent_1_role_0_causation_1_syntax_hyper_relational_rdf_star.csv,1001,751,0.0375192240981787,0.3019122277418259,0.2172489082969432,0.3286026200873362,0.3930131004366812,0.4672489082969432,48,ILP,simple-triple+text+hr-triple,hyper_relational_rdf_star
118,0.002,192.0,896.0,0.0,1.0,0.0,1.0,lr_0.002_ed_192_bs_896_kg_base_prop_0_subevent_1_role_0_causation_1_syntax_hyper_relational_rdf_star.csv,1001,984,0.2145794819335263,0.0099380511223773,0.0,0.0,0.0,0.0,48,ILP,simple-triple+text+hr-triple,hyper_relational_rdf_star
119,0.002,224.0,896.0,1.0,0.0,0.0,1.0,lr_0.002_ed_224_bs_896_kg_base_prop_1_subevent_0_role_0_causation_1_syntax_hyper_relational_rdf_star.csv,1001,607,0.0873664342667847,0.2308732692469459,0.1643835616438356,0.2431506849315068,0.273972602739726,0.3493150684931507,48,ILP,simple-triple+text+hr-triple,hyper_relational_rdf_star
120,0.0001,192.0,896.0,1.0,1.0,0.0,1.0,lr_0.0001_ed_192_bs_896_kg_base_prop_1_subevent_1_role_0_causation_1_syntax_hyper_relational_rdf_star.csv,1001,980,0.0508060052260989,0.3102575669284326,0.232532751091703,0.3253275109170305,0.398471615720524,0.4705240174672489,48,ILP,simple-triple+text+hr-triple,hyper_relational_rdf_star
121,0.001,160.0,896.0,1.0,0.0,0.0,1.0,lr_0.001_ed_160_bs_896_kg_base_prop_1_subevent_0_role_0_causation_1_syntax_hyper_relational_rdf_star.csv,1001,902,0.0554508686106082,0.2601271693151682,0.1678082191780822,0.2979452054794521,0.339041095890411,0.4280821917808219,48,ILP,simple-triple+text+hr-triple,hyper_relational_rdf_star
122,0.001,160.0,896.0,0.0,0.0,0.0,1.0,lr_0.001_ed_160_bs_896_kg_base_prop_0_subevent_0_role_0_causation_1_syntax_hyper_relational_rdf_star.csv,1001,1000,0.1648575746838006,0.0881106326027678,0.0205479452054794,0.0924657534246575,0.1506849315068493,0.2226027397260274,48,ILP,simple-triple+text+hr-triple,hyper_relational_rdf_star
123,0.0001,224.0,896.0,0.0,0.0,0.0,1.0,lr_0.0001_ed_224_bs_896_kg_base_prop_0_subevent_0_role_0_causation_1_syntax_hyper_relational_rdf_star.csv,1001,999,0.4184823875675246,0.0800344739524618,0.0136986301369863,0.0958904109589041,0.1198630136986301,0.2020547945205479,48,ILP,simple-triple+text+hr-triple,hyper_relational_rdf_star
124,0.002,192.0,192.0,0.0,1.0,0.0,1.0,lr_0.002_ed_192_bs_192_kg_base_prop_0_subevent_1_role_0_causation_1_syntax_hyper_relational_rdf_star.csv,402,80,0.1730778934620624,0.0184082468080369,0.0,0.0,0.0,0.0,48,ILP,simple-triple+text+hr-triple,hyper_relational_rdf_star
125,0.0001,160.0,960.0,1.0,1.0,0.0,1.0,lr_0.0001_ed_160_bs_960_kg_base_prop_1_subevent_1_role_0_causation_1_syntax_hyper_relational_rdf_star.csv,1001,889,0.0558798652402266,0.2650297206884702,0.1921397379912663,0.2805676855895196,0.334061135371179,0.4039301310043668,48,ILP,simple-triple+text+hr-triple,hyper_relational_rdf_star
126,0.001,192.0,896.0,1.0,1.0,0.0,1.0,lr_0.001_ed_192_bs_896_kg_base_prop_1_subevent_1_role_0_causation_1_syntax_hyper_relational_rdf_star.csv,1001,625,0.039410976151619,0.3067005998034589,0.2303493449781659,0.3351528384279476,0.3842794759825327,0.4475982532751091,48,ILP,simple-triple+text+hr-triple,hyper_relational_rdf_star
127,0.0001,160.0,256.0,1.0,1.0,0.0,1.0,lr_0.0001_ed_160_bs_256_kg_base_prop_1_subevent_1_role_0_causation_1_syntax_hyper_relational_rdf_star.csv,1001,952,0.0414929743323116,0.3216630258698494,0.2445414847161572,0.3482532751091703,0.3919213973799126,0.4759825327510917,48,ILP,simple-triple+text+hr-triple,hyper_relational_rdf_star
128,0.0005,192.0,960.0,1.0,1.0,0.0,1.0,lr_0.0005_ed_192_bs_960_kg_base_prop_1_subevent_1_role_0_causation_1_syntax_hyper_relational_rdf_star.csv,1001,988,0.0452966369692322,0.3146602934971085,0.2292576419213974,0.3493449781659388,0.398471615720524,0.4847161572052402,48,ILP,simple-triple+text+hr-triple,hyper_relational_rdf_star
129,0.001,160.0,192.0,0.0,0.0,0.0,1.0,lr_0.001_ed_160_bs_192_kg_base_prop_0_subevent_0_role_0_causation_1_syntax_hyper_relational_rdf_star.csv,1001,998,0.1050960711005691,0.2156063020563697,0.1164383561643835,0.2431506849315068,0.3116438356164384,0.3801369863013699,48,ILP,simple-triple+text+hr-triple,hyper_relational_rdf_star
130,0.002,224.0,192.0,0.0,0.0,0.0,1.0,lr_0.002_ed_224_bs_192_kg_base_prop_0_subevent_0_role_0_causation_1_syntax_hyper_relational_rdf_star.csv,1001,644,0.1631943188967552,0.0513391945353856,0.0,0.0136986301369863,0.0924657534246575,0.2054794520547945,48,ILP,simple-triple+text+hr-triple,hyper_relational_rdf_star
131,0.001,160.0,192.0,0.0,1.0,0.0,1.0,lr_0.001_ed_160_bs_192_kg_base_prop_0_subevent_1_role_0_causation_1_syntax_hyper_relational_rdf_star.csv,1001,599,0.1224751509850663,0.0513966882558664,0.0,0.0436681222707423,0.0796943231441048,0.1495633187772925,48,ILP,simple-triple+text+hr-triple,hyper_relational_rdf_star
132,0.001,192.0,256.0,0.0,1.0,0.0,1.0,lr_0.001_ed_192_bs_256_kg_base_prop_0_subevent_1_role_0_causation_1_syntax_hyper_relational_rdf_star.csv,1001,935,0.1899396977189519,0.0146701930441573,0.0,0.0,0.0,0.0032751091703056,48,ILP,simple-triple+text+hr-triple,hyper_relational_rdf_star
133,0.0001,224.0,960.0,1.0,0.0,0.0,1.0,lr_0.0001_ed_224_bs_960_kg_base_prop_1_subevent_0_role_0_causation_1_syntax_hyper_relational_rdf_star.csv,1001,998,0.1466091444859597,0.2414237078676921,0.1678082191780822,0.2705479452054795,0.3150684931506849,0.3732876712328767,48,ILP,simple-triple+text+hr-triple,hyper_relational_rdf_star
134,0.0001,160.0,192.0,0.0,0.0,0.0,1.0,lr_0.0001_ed_160_bs_192_kg_base_prop_0_subevent_0_role_0_causation_1_syntax_hyper_relational_rdf_star.csv,1001,976,0.1512911926990302,0.2034702778161551,0.1198630136986301,0.2260273972602739,0.2773972602739726,0.3801369863013699,48,ILP,simple-triple+text+hr-triple,hyper_relational_rdf_star
135,0.002,160.0,192.0,0.0,1.0,0.0,1.0,lr_0.002_ed_160_bs_192_kg_base_prop_0_subevent_1_role_0_causation_1_syntax_hyper_relational_rdf_star.csv,696,571,0.149963123404329,0.0209557069381068,0.0,0.0,0.0010917030567685,0.0032751091703056,48,ILP,simple-triple+text+hr-triple,hyper_relational_rdf_star
136,0.001,192.0,960.0,0.0,1.0,0.0,1.0,lr_0.001_ed_192_bs_960_kg_base_prop_0_subevent_1_role_0_causation_1_syntax_hyper_relational_rdf_star.csv,1001,443,0.1516889582756738,0.0804342354602514,0.0141921397379912,0.0884279475982532,0.1299126637554585,0.2216157205240174,48,ILP,simple-triple+text+hr-triple,hyper_relational_rdf_star
137,0.002,192.0,960.0,0.0,0.0,0.0,1.0,lr_0.002_ed_192_bs_960_kg_base_prop_0_subevent_0_role_0_causation_1_syntax_hyper_relational_rdf_star.csv,1001,834,0.1773826139149425,0.0662464553506151,0.0034246575342465,0.0787671232876712,0.1267123287671233,0.1917808219178082,48,ILP,simple-triple+text+hr-triple,hyper_relational_rdf_star
138,0.0005,192.0,896.0,0.0,0.0,0.0,1.0,lr_0.0005_ed_192_bs_896_kg_base_prop_0_subevent_0_role_0_causation_1_syntax_hyper_relational_rdf_star.csv,1001,999,0.1806440415669316,0.0789855925151614,0.0136986301369863,0.1027397260273972,0.1130136986301369,0.2191780821917808,48,ILP,simple-triple+text+hr-triple,hyper_relational_rdf_star
139,0.0005,224.0,960.0,0.0,1.0,0.0,1.0,lr_0.0005_ed_224_bs_960_kg_base_prop_0_subevent_1_role_0_causation_1_syntax_hyper_relational_rdf_star.csv,1001,862,0.0824537233128893,0.1628580023445812,0.0786026200873362,0.1757641921397379,0.2434497816593886,0.3395196506550218,48,ILP,simple-triple+text+hr-triple,hyper_relational_rdf_star
140,0.0001,192.0,896.0,0.0,0.0,0.0,1.0,lr_0.0001_ed_192_bs_896_kg_base_prop_0_subevent_0_role_0_causation_1_syntax_hyper_relational_rdf_star.csv,1001,967,0.3864683294403506,0.0826408853349143,0.0205479452054794,0.0890410958904109,0.1164383561643835,0.2020547945205479,48,ILP,simple-triple+text+hr-triple,hyper_relational_rdf_star
141,0.0005,192.0,256.0,0.0,1.0,0.0,1.0,lr_0.0005_ed_192_bs_256_kg_base_prop_0_subevent_1_role_0_causation_1_syntax_hyper_relational_rdf_star.csv,1001,997,0.1292520855537019,0.0805811175168363,0.029475982532751,0.0709606986899563,0.1091703056768559,0.1823144104803493,48,ILP,simple-triple+text+hr-triple,hyper_relational_rdf_star
142,0.002,192.0,960.0,0.0,1.0,0.0,1.0,lr_0.002_ed_192_bs_960_kg_base_prop_0_subevent_1_role_0_causation_1_syntax_hyper_relational_rdf_star.csv,1001,851,0.1867907881397529,0.0371952887991802,0.0,0.0327510917030567,0.056768558951965,0.0993449781659388,48,ILP,simple-triple+text+hr-triple,hyper_relational_rdf_star
143,0.001,224.0,256.0,0.0,0.0,0.0,1.0,lr_0.001_ed_224_bs_256_kg_base_prop_0_subevent_0_role_0_causation_1_syntax_hyper_relational_rdf_star.csv,1001,884,0.1236956097278769,0.1460117430683123,0.0547945205479452,0.1643835616438356,0.2328767123287671,0.3219178082191781,48,ILP,simple-triple+text+hr-triple,hyper_relational_rdf_star
144,0.0001,192.0,256.0,1.0,1.0,0.0,1.0,lr_0.0001_ed_192_bs_256_kg_base_prop_1_subevent_1_role_0_causation_1_syntax_hyper_relational_rdf_star.csv,1001,694,0.0499738359078856,0.3290507078308611,0.2478165938864628,0.3569868995633188,0.4093886462882096,0.4836244541484716,48,ILP,simple-triple+text+hr-triple,hyper_relational_rdf_star
145,0.002,160.0,896.0,1.0,0.0,0.0,1.0,lr_0.002_ed_160_bs_896_kg_base_prop_1_subevent_0_role_0_causation_1_syntax_hyper_relational_rdf_star.csv,1001,784,0.0651854705134625,0.2477218007719296,0.1780821917808219,0.2602739726027397,0.3047945205479452,0.3664383561643836,48,ILP,simple-triple+text+hr-triple,hyper_relational_rdf_star
146,0.0005,192.0,256.0,1.0,1.0,0.0,1.0,lr_0.0005_ed_192_bs_256_kg_base_prop_1_subevent_1_role_0_causation_1_syntax_hyper_relational_rdf_star.csv,1001,618,0.0397870587276775,0.2681766311801284,0.1834061135371179,0.2827510917030568,0.3558951965065502,0.4388646288209607,48,ILP,simple-triple+text+hr-triple,hyper_relational_rdf_star
147,0.0005,224.0,960.0,1.0,0.0,0.0,1.0,lr_0.0005_ed_224_bs_960_kg_base_prop_1_subevent_0_role_0_causation_1_syntax_hyper_relational_rdf_star.csv,1001,958,0.083277223527599,0.2457179413243886,0.1712328767123287,0.2671232876712329,0.3219178082191781,0.3767123287671233,48,ILP,simple-triple+text+hr-triple,hyper_relational_rdf_star
148,0.002,192.0,256.0,0.0,0.0,0.0,1.0,lr_0.002_ed_192_bs_256_kg_base_prop_0_subevent_0_role_0_causation_1_syntax_hyper_relational_rdf_star.csv,1001,882,0.1859592285385767,0.0571698614542303,0.0,0.0684931506849315,0.1027397260273972,0.2054794520547945,48,ILP,simple-triple+text+hr-triple,hyper_relational_rdf_star
149,0.001,224.0,896.0,1.0,0.0,0.0,1.0,lr_0.001_ed_224_bs_896_kg_base_prop_1_subevent_0_role_0_causation_1_syntax_hyper_relational_rdf_star.csv,1001,861,0.0617865259427602,0.2676791688921847,0.184931506849315,0.2945205479452055,0.3356164383561644,0.410958904109589,48,ILP,simple-triple+text+hr-triple,hyper_relational_rdf_star
150,0.001,224.0,192.0,1.0,1.0,0.0,1.0,lr_0.001_ed_224_bs_192_kg_base_prop_1_subevent_1_role_0_causation_1_syntax_hyper_relational_rdf_star.csv,1001,984,0.0615013653204408,0.1062801447634798,0.0403930131004366,0.1222707423580786,0.1757641921397379,0.2216157205240174,48,ILP,simple-triple+text+hr-triple,hyper_relational_rdf_star
151,0.0001,224.0,192.0,1.0,0.0,0.0,1.0,lr_0.0001_ed_224_bs_192_kg_base_prop_1_subevent_0_role_0_causation_1_syntax_hyper_relational_rdf_star.csv,1001,997,0.0863279534686645,0.2640172145844845,0.184931506849315,0.2842465753424658,0.3184931506849315,0.3972602739726027,48,ILP,simple-triple+text+hr-triple,hyper_relational_rdf_star
152,0.0005,160.0,960.0,1.0,0.0,0.0,1.0,lr_0.0005_ed_160_bs_960_kg_base_prop_1_subevent_0_role_0_causation_1_syntax_hyper_relational_rdf_star.csv,1001,998,0.0675366896498594,0.2552097640937097,0.1746575342465753,0.2808219178082192,0.3527397260273973,0.4212328767123288,48,ILP,simple-triple+text+hr-triple,hyper_relational_rdf_star
153,0.0005,224.0,192.0,1.0,1.0,0.0,1.0,lr_0.0005_ed_224_bs_192_kg_base_prop_1_subevent_1_role_0_causation_1_syntax_hyper_relational_rdf_star.csv,1001,549,0.0412082350954968,0.2479100475441068,0.1572052401746725,0.2882096069868995,0.3275109170305676,0.425764192139738,48,ILP,simple-triple+text+hr-triple,hyper_relational_rdf_star
154,0.0001,192.0,192.0,1.0,1.0,0.0,1.0,lr_0.0001_ed_192_bs_192_kg_base_prop_1_subevent_1_role_0_causation_1_syntax_hyper_relational_rdf_star.csv,1001,848,0.05095404443108,0.3076638711587183,0.2303493449781659,0.3307860262008734,0.388646288209607,0.4617903930131004,48,ILP,simple-triple+text+hr-triple,hyper_relational_rdf_star
155,0.001,224.0,192.0,1.0,0.0,0.0,1.0,lr_0.001_ed_224_bs_192_kg_base_prop_1_subevent_0_role_0_causation_1_syntax_hyper_relational_rdf_star.csv,1001,808,0.0534016409229228,0.251929938830899,0.160958904109589,0.2842465753424658,0.3150684931506849,0.3938356164383562,48,ILP,simple-triple+text+hr-triple,hyper_relational_rdf_star
156,0.0005,224.0,256.0,1.0,1.0,0.0,1.0,lr_0.0005_ed_224_bs_256_kg_base_prop_1_subevent_1_role_0_causation_1_syntax_hyper_relational_rdf_star.csv,1001,861,0.0476652642489309,0.2988351498975887,0.2139737991266375,0.3165938864628821,0.3842794759825327,0.4737991266375546,48,ILP,simple-triple+text+hr-triple,hyper_relational_rdf_star
157,0.001,160.0,256.0,1.0,0.0,0.0,1.0,lr_0.001_ed_160_bs_256_kg_base_prop_1_subevent_0_role_0_causation_1_syntax_hyper_relational_rdf_star.csv,1001,929,0.0384746350294672,0.2634559446625291,0.1712328767123287,0.2876712328767123,0.3561643835616438,0.4383561643835616,48,ILP,simple-triple+text+hr-triple,hyper_relational_rdf_star
158,0.0001,224.0,960.0,0.0,1.0,0.0,1.0,lr_0.0001_ed_224_bs_960_kg_base_prop_0_subevent_1_role_0_causation_1_syntax_hyper_relational_rdf_star.csv,1001,986,0.1329392354235507,0.1447323414482545,0.0676855895196506,0.1517467248908297,0.2161572052401746,0.3089519650655022,48,ILP,simple-triple+text+hr-triple,hyper_relational_rdf_star
159,0.002,224.0,896.0,0.0,0.0,0.0,1.0,lr_0.002_ed_224_bs_896_kg_base_prop_0_subevent_0_role_0_causation_1_syntax_hyper_relational_rdf_star.csv,1001,944,0.1406391241150394,0.1107330889937421,0.0205479452054794,0.1301369863013698,0.1952054794520548,0.3082191780821918,48,ILP,simple-triple+text+hr-triple,hyper_relational_rdf_star
160,0.001,224.0,960.0,0.0,0.0,0.0,1.0,lr_0.001_ed_224_bs_960_kg_base_prop_0_subevent_0_role_0_causation_1_syntax_hyper_relational_rdf_star.csv,1001,967,0.1571632087819905,0.0855597724399126,0.0171232876712328,0.0684931506849315,0.1438356164383561,0.2534246575342466,48,ILP,simple-triple+text+hr-triple,hyper_relational_rdf_star
161,0.0005,192.0,192.0,1.0,0.0,0.0,1.0,lr_0.0005_ed_192_bs_192_kg_base_prop_1_subevent_0_role_0_causation_1_syntax_hyper_relational_rdf_star.csv,1001,896,0.069240784253303,0.2686342632495341,0.1678082191780822,0.3082191780821918,0.3424657534246575,0.4178082191780822,48,ILP,simple-triple+text+hr-triple,hyper_relational_rdf_star
162,0.001,160.0,960.0,0.0,0.0,0.0,1.0,lr_0.001_ed_160_bs_960_kg_base_prop_0_subevent_0_role_0_causation_1_syntax_hyper_relational_rdf_star.csv,1001,949,0.1545019995227179,0.1023188967574998,0.0205479452054794,0.1027397260273972,0.1883561643835616,0.2773972602739726,48,ILP,simple-triple+text+hr-triple,hyper_relational_rdf_star
163,0.0001,224.0,256.0,0.0,1.0,0.0,1.0,lr_0.0001_ed_224_bs_256_kg_base_prop_0_subevent_1_role_0_causation_1_syntax_hyper_relational_rdf_star.csv,1001,864,0.075521840781794,0.2497077984182383,0.158296943231441,0.269650655021834,0.3406113537117904,0.4312227074235807,48,ILP,simple-triple+text+hr-triple,hyper_relational_rdf_star
164,0.0001,160.0,192.0,0.0,1.0,0.0,1.0,lr_0.0001_ed_160_bs_192_kg_base_prop_0_subevent_1_role_0_causation_1_syntax_hyper_relational_rdf_star.csv,1001,888,0.067697988072065,0.209729170562373,0.1080786026200873,0.2336244541484716,0.3100436681222707,0.4224890829694323,48,ILP,simple-triple+text+hr-triple,hyper_relational_rdf_star
165,0.001,224.0,960.0,0.0,1.0,0.0,1.0,lr_0.001_ed_224_bs_960_kg_base_prop_0_subevent_1_role_0_causation_1_syntax_hyper_relational_rdf_star.csv,1001,459,0.1957227226599672,0.0430350759519078,0.0,0.0283842794759825,0.0633187772925764,0.1288209606986899,48,ILP,simple-triple+text+hr-triple,hyper_relational_rdf_star
166,0.001,224.0,256.0,1.0,1.0,0.0,1.0,lr_0.001_ed_224_bs_256_kg_base_prop_1_subevent_1_role_0_causation_1_syntax_hyper_relational_rdf_star.csv,1001,619,0.0413060879600659,0.2364780071254757,0.1539301310043668,0.2631004366812227,0.3034934497816594,0.388646288209607,48,ILP,simple-triple+text+hr-triple,hyper_relational_rdf_star
167,0.0001,192.0,960.0,0.0,0.0,0.0,1.0,lr_0.0001_ed_192_bs_960_kg_base_prop_0_subevent_0_role_0_causation_1_syntax_hyper_relational_rdf_star.csv,1001,982,0.5233795911283383,0.0573889153199693,0.0,0.0753424657534246,0.1198630136986301,0.1917808219178082,48,ILP,simple-triple+text+hr-triple,hyper_relational_rdf_star
168,0.001,160.0,192.0,1.0,1.0,0.0,1.0,lr_0.001_ed_160_bs_192_kg_base_prop_1_subevent_1_role_0_causation_1_syntax_hyper_relational_rdf_star.csv,1001,996,0.0364949187905217,0.2459018487568565,0.1648471615720524,0.2652838427947598,0.3253275109170305,0.4093886462882096,48,ILP,simple-triple+text+hr-triple,hyper_relational_rdf_star
169,0.0005,160.0,960.0,0.0,1.0,0.0,1.0,lr_0.0005_ed_160_bs_960_kg_base_prop_0_subevent_1_role_0_causation_1_syntax_hyper_relational_rdf_star.csv,1001,969,0.0868819729768714,0.1702999516798858,0.0884279475982532,0.1790393013100436,0.2401746724890829,0.3515283842794759,48,ILP,simple-triple+text+hr-triple,hyper_relational_rdf_star
170,0.001,224.0,192.0,0.0,0.0,0.0,1.0,lr_0.001_ed_224_bs_192_kg_base_prop_0_subevent_0_role_0_causation_1_syntax_hyper_relational_rdf_star.csv,1001,715,0.1718577120831917,0.0522081779839622,0.0,0.0136986301369863,0.0993150684931506,0.184931506849315,48,ILP,simple-triple+text+hr-triple,hyper_relational_rdf_star
171,0.001,224.0,960.0,1.0,1.0,0.0,1.0,lr_0.001_ed_224_bs_960_kg_base_prop_1_subevent_1_role_0_causation_1_syntax_hyper_relational_rdf_star.csv,1001,999,0.0388782449983747,0.3193604178979586,0.2368995633187773,0.3504366812227074,0.4028384279475983,0.4737991266375546,48,ILP,simple-triple+text+hr-triple,hyper_relational_rdf_star
172,0.0001,192.0,256.0,1.0,0.0,0.0,1.0,lr_0.0001_ed_192_bs_256_kg_base_prop_1_subevent_0_role_0_causation_1_syntax_hyper_relational_rdf_star.csv,1001,926,0.111310041986056,0.2160216616947256,0.1198630136986301,0.2568493150684932,0.2979452054794521,0.3938356164383562,48,ILP,simple-triple+text+hr-triple,hyper_relational_rdf_star
173,0.0001,160.0,960.0,0.0,0.0,0.0,1.0,lr_0.0001_ed_160_bs_960_kg_base_prop_0_subevent_0_role_0_causation_1_syntax_hyper_relational_rdf_star.csv,1001,988,0.4841592965151176,0.0568661988116953,0.0034246575342465,0.071917808219178,0.1164383561643835,0.1815068493150685,48,ILP,simple-triple+text+hr-triple,hyper_relational_rdf_star
174,0.0001,224.0,960.0,0.0,0.0,0.0,1.0,lr_0.0001_ed_224_bs_960_kg_base_prop_0_subevent_0_role_0_causation_1_syntax_hyper_relational_rdf_star.csv,1001,941,0.4832264269649921,0.0785199292561731,0.0136986301369863,0.0924657534246575,0.1164383561643835,0.1952054794520548,48,ILP,simple-triple+text+hr-triple,hyper_relational_rdf_star
175,0.001,224.0,192.0,0.0,1.0,0.0,1.0,lr_0.001_ed_224_bs_192_kg_base_prop_0_subevent_1_role_0_causation_1_syntax_hyper_relational_rdf_star.csv,1001,733,0.1459217339492514,0.0189419574290249,0.0,0.0,0.0,0.0010917030567685,48,ILP,simple-triple+text+hr-triple,hyper_relational_rdf_star
176,0.002,160.0,192.0,1.0,1.0,0.0,1.0,lr_0.002_ed_160_bs_192_kg_base_prop_1_subevent_1_role_0_causation_1_syntax_hyper_relational_rdf_star.csv,1001,621,0.0712889616089194,0.0713576190842641,0.0283842794759825,0.0622270742358078,0.0862445414847161,0.1430131004366812,48,ILP,simple-triple+text+hr-triple,hyper_relational_rdf_star
177,0.0001,224.0,192.0,0.0,0.0,0.0,1.0,lr_0.0001_ed_224_bs_192_kg_base_prop_0_subevent_0_role_0_causation_1_syntax_hyper_relational_rdf_star.csv,1001,953,0.1168545663602901,0.2134691086197609,0.1198630136986301,0.2328767123287671,0.3047945205479452,0.3972602739726027,48,ILP,simple-triple+text+hr-triple,hyper_relational_rdf_star
178,0.0001,224.0,896.0,1.0,1.0,0.0,1.0,lr_0.0001_ed_224_bs_896_kg_base_prop_1_subevent_1_role_0_causation_1_syntax_hyper_relational_rdf_star.csv,1001,981,0.0578104644609315,0.3035151972172081,0.222707423580786,0.3329694323144105,0.3755458515283842,0.4541484716157205,48,ILP,simple-triple+text+hr-triple,hyper_relational_rdf_star
179,0.0001,192.0,960.0,1.0,1.0,0.0,1.0,lr_0.0001_ed_192_bs_960_kg_base_prop_1_subevent_1_role_0_causation_1_syntax_hyper_relational_rdf_star.csv,1001,986,0.0522391507211294,0.2889505207303326,0.2063318777292576,0.3089519650655022,0.3679039301310043,0.4508733624454148,48,ILP,simple-triple+text+hr-triple,hyper_relational_rdf_star
180,0.0001,160.0,896.0,1.0,0.0,0.0,1.0,lr_0.0001_ed_160_bs_896_kg_base_prop_1_subevent_0_role_0_causation_1_syntax_hyper_relational_rdf_star.csv,1001,989,0.193876969300104,0.2215821342674483,0.1404109589041096,0.2568493150684932,0.2979452054794521,0.3698630136986301,48,ILP,simple-triple+text+hr-triple,hyper_relational_rdf_star
181,0.0005,160.0,256.0,1.0,1.0,0.0,1.0,lr_0.0005_ed_160_bs_256_kg_base_prop_1_subevent_1_role_0_causation_1_syntax_hyper_relational_rdf_star.csv,1001,684,0.0348986151929801,0.2990987808665873,0.2085152838427947,0.334061135371179,0.3962882096069869,0.4737991266375546,48,ILP,simple-triple+text+hr-triple,hyper_relational_rdf_star
182,0.0005,224.0,192.0,1.0,0.0,0.0,1.0,lr_0.0005_ed_224_bs_192_kg_base_prop_1_subevent_0_role_0_causation_1_syntax_hyper_relational_rdf_star.csv,1001,958,0.0627602942875852,0.2420021716001733,0.1541095890410959,0.2671232876712329,0.3253424657534247,0.4006849315068493,48,ILP,simple-triple+text+hr-triple,hyper_relational_rdf_star
183,0.0001,192.0,192.0,1.0,0.0,0.0,1.0,lr_0.0001_ed_192_bs_192_kg_base_prop_1_subevent_0_role_0_causation_1_syntax_hyper_relational_rdf_star.csv,1001,941,0.0728400292746812,0.2527359588685802,0.1746575342465753,0.273972602739726,0.3116438356164384,0.3767123287671233,48,ILP,simple-triple+text+hr-triple,hyper_relational_rdf_star
184,0.0001,224.0,896.0,1.0,0.0,0.0,1.0,lr_0.0001_ed_224_bs_896_kg_base_prop_1_subevent_0_role_0_causation_1_syntax_hyper_relational_rdf_star.csv,1001,1000,0.1854674319171064,0.2010197199831408,0.1232876712328767,0.2123287671232876,0.2773972602739726,0.3424657534246575,48,ILP,simple-triple+text+hr-triple,hyper_relational_rdf_star
185,0.002,192.0,192.0,1.0,1.0,0.0,1.0,lr_0.002_ed_192_bs_192_kg_base_prop_1_subevent_1_role_0_causation_1_syntax_hyper_relational_rdf_star.csv,65,60,0.3296213640101363,0.0395340203381089,0.0,0.0327510917030567,0.0622270742358078,0.1255458515283842,48,ILP,simple-triple+text+hr-triple,hyper_relational_rdf_star
186,0.001,192.0,256.0,1.0,1.0,0.0,1.0,lr_0.001_ed_192_bs_256_kg_base_prop_1_subevent_1_role_0_causation_1_syntax_hyper_relational_rdf_star.csv,1001,992,0.0355982841731181,0.2369842872879868,0.1604803493449781,0.25,0.3133187772925764,0.3897379912663755,48,ILP,simple-triple+text+hr-triple,hyper_relational_rdf_star
187,0.0001,192.0,960.0,1.0,0.0,0.0,1.0,lr_0.0001_ed_192_bs_960_kg_base_prop_1_subevent_0_role_0_causation_1_syntax_hyper_relational_rdf_star.csv,1001,997,0.2044928931859327,0.2197978001480851,0.1472602739726027,0.2465753424657534,0.2808219178082192,0.3493150684931507,48,ILP,simple-triple+text+hr-triple,hyper_relational_rdf_star
188,0.002,160.0,896.0,1.0,1.0,0.0,1.0,lr_0.002_ed_160_bs_896_kg_base_prop_1_subevent_1_role_0_causation_1_syntax_hyper_relational_rdf_star.csv,1001,879,0.0459908463474843,0.2930206637921519,0.2248908296943231,0.3165938864628821,0.37117903930131,0.425764192139738,48,ILP,simple-triple+text+hr-triple,hyper_relational_rdf_star
189,0.0005,192.0,256.0,0.0,0.0,0.0,1.0,lr_0.0005_ed_192_bs_256_kg_base_prop_0_subevent_0_role_0_causation_1_syntax_hyper_relational_rdf_star.csv,1001,981,0.1135786756145007,0.185124477227709,0.0684931506849315,0.2397260273972602,0.2945205479452055,0.3801369863013699,48,ILP,simple-triple+text+hr-triple,hyper_relational_rdf_star
190,0.0001,192.0,256.0,0.0,1.0,0.0,1.0,lr_0.0001_ed_192_bs_256_kg_base_prop_0_subevent_1_role_0_causation_1_syntax_hyper_relational_rdf_star.csv,1001,959,0.0787747285989595,0.2432581794143926,0.1539301310043668,0.2631004366812227,0.3187772925764192,0.4181222707423581,48,ILP,simple-triple+text+hr-triple,hyper_relational_rdf_star
191,0.0001,160.0,896.0,0.0,0.0,0.0,1.0,lr_0.0001_ed_160_bs_896_kg_base_prop_0_subevent_0_role_0_causation_1_syntax_hyper_relational_rdf_star.csv,1001,994,0.4251354107157062,0.0787654778605213,0.0171232876712328,0.0993150684931506,0.1267123287671233,0.2020547945205479,48,ILP,simple-triple+text+hr-triple,hyper_relational_rdf_star
